Unnamed: 0,topic,partition,offset,timestamp,timestamp_type,key,value,headers,checksum,serialized_key_size,serialized_value_size,serialized_header_size
0.0,crypto,0,82,1708819279567,0,,"{'name': 'Bitcoin', 'symbol': '₿', 'rank': 1, 'age': 3952, 'color': '#fa9e32', 'png32': 'https://lcw.nyc3.cdn.digitaloceanspaces.com/production/currencies/32/btc.png', 'png64': 'https://lcw.nyc3.cdn.digitaloceanspaces.com/production/currencies/64/btc.png', 'webp32': 'https://lcw.nyc3.cdn.digitaloceanspaces.com/production/currencies/32/btc.webp', 'webp64': 'https://lcw.nyc3.cdn.digitaloceanspaces.com/production/currencies/64/btc.webp', 'exchanges': 176, 'markets': 3086, 'pairs': 952, 'categories': [], 'allTimeHighUSD': 68780.77475755227, 'circulatingSupply': 19636681, 'totalSupply': 19636681, 'maxSupply': 21000000, 'links': {'website': 'https://bitcoin.org/', 'whitepaper': 'https://bitcoin.org/bitcoin.pdf', 'twitter': None, 'reddit': 'https://reddit.com/r/bitcoin', 'telegram': None, 'discord': None, 'medium': None, 'instagram': None, 'tiktok': None, 'youtube': None, 'linkedin': None, 'twitch': None, 'spotify': None, 'naver': None, 'wechat': None, 'soundcloud': None}, 'rate': 51685.52144608645, 'volume': 10237971037, 'cap': 1014932096955, 'liquidity': 919648761, 'delta': {'hour': 1, 'day': 1.0175, 'week': 0.9975, 'month': 1.2912, 'quarter': 1.3753, 'year': 2.2199}}",[],,-1,1186,-1
1.0,crypto,0,83,1708819301988,0,,"{'name': 'Bitcoin', 'symbol': '₿', 'rank': 1, 'age': 3952, 'color': '#fa9e32', 'png32': 'https://lcw.nyc3.cdn.digitaloceanspaces.com/production/currencies/32/btc.png', 'png64': 'https://lcw.nyc3.cdn.digitaloceanspaces.com/production/currencies/64/btc.png', 'webp32': 'https://lcw.nyc3.cdn.digitaloceanspaces.com/production/currencies/32/btc.webp', 'webp64': 'https://lcw.nyc3.cdn.digitaloceanspaces.com/production/currencies/64/btc.webp', 'exchanges': 176, 'markets': 3086, 'pairs': 952, 'categories': [], 'allTimeHighUSD': 68780.77475755227, 'circulatingSupply': 19636681, 'totalSupply': 19636681, 'maxSupply': 21000000, 'links': {'website': 'https://bitcoin.org/', 'whitepaper': 'https://bitcoin.org/bitcoin.pdf', 'twitter': None, 'reddit': 'https://reddit.com/r/bitcoin', 'telegram': None, 'discord': None, 'medium': None, 'instagram': None, 'tiktok': None, 'youtube': None, 'linkedin': None, 'twitch': None, 'spotify': None, 'naver': None, 'wechat': None, 'soundcloud': None}, 'rate': 51686.692385674025, 'volume': 10183454977, 'cap': 1014955090323, 'liquidity': 920374172, 'delta': {'hour': 1, 'day': 1.0175, 'week': 0.9975, 'month': 1.2912, 'quarter': 1.3753, 'year': 2.2199}}",[],,-1,1187,-1
2.0,crypto,0,84,1708819317360,0,,"{'name': 'Bitcoin', 'symbol': '₿', 'rank': 1, 'age': 3952, 'color': '#fa9e32', 'png32': 'https://lcw.nyc3.cdn.digitaloceanspaces.com/production/currencies/32/btc.png', 'png64': 'https://lcw.nyc3.cdn.digitaloceanspaces.com/production/currencies/64/btc.png', 'webp32': 'https://lcw.nyc3.cdn.digitaloceanspaces.com/production/currencies/32/btc.webp', 'webp64': 'https://lcw.nyc3.cdn.digitaloceanspaces.com/production/currencies/64/btc.webp', 'exchanges': 176, 'markets': 3087, 'pairs': 952, 'categories': [], 'allTimeHighUSD': 68780.77475755227, 'circulatingSupply': 19636681, 'totalSupply': 19636681, 'maxSupply': 21000000, 'links': {'website': 'https://bitcoin.org/', 'whitepaper': 'https://bitcoin.org/bitcoin.pdf', 'twitter': None, 'reddit': 'https://reddit.com/r/bitcoin', 'telegram': None, 'discord': None, 'medium': None, 'instagram': None, 'tiktok': None, 'youtube': None, 'linkedin': None, 'twitch': None, 'spotify': None, 'naver': None, 'wechat': None, 'soundcloud': None}, 'rate': 51679.15833048191, 'volume': 10179203834, 'cap': 1014807146484, 'liquidity': 923238525, 'delta': {'hour': 0.9998, 'day': 1.0173, 'week': 0.9974, 'month': 1.2911, 'quarter': 1.3751, 'year': 2.2196}}",[],,-1,1191,-1
,crypto,0,85,1708819948661,0,,"{'name': 'Bitcoin', 'symbol': '₿', 'rank': 1, 'age': 3952, 'color': '#fa9e32', 'png32': 'https://lcw.nyc3.cdn.digitaloceanspaces.com/production/currencies/32/btc.png', 'png64': 'https://lcw.nyc3.cdn.digitaloceanspaces.com/production/currencies/64/btc.png', 'webp32': 'https://lcw.nyc3.cdn.digitaloceanspaces.com/production/currencies/32/btc.webp', 'webp64': 'https://lcw.nyc3.cdn.digitaloceanspaces.com/production/currencies/64/btc.webp', 'exchanges': 176, 'markets': 3085, 'pairs': 952, 'categories': [], 'allTimeHighUSD': 68780.77475755227, 'circulatingSupply': 19636681, 'totalSupply': 19636681, 'maxSupply': 21000000, 'links': {'website': 'https://bitcoin.org/', 'whitepaper': 'https://bitcoin.org/bitcoin.pdf', 'twitter': None, 'reddit': 'https://reddit.com/r/bitcoin', 'telegram': None, 'discord': None, 'medium': None, 'instagram': None, 'tiktok': None, 'youtube': None, 'linkedin': None, 'twitch': None, 'spotify': None, 'naver': None, 'wechat': None, 'soundcloud': None}, 'rate': 51664.08854030231, 'volume': 10130836071, 'cap': 1014511225822, 'liquidity': 939921174, 'delta': {'hour': 0.9999, 'day': 1.0171, 'week': 0.9975, 'month': 1.2905, 'quarter': 1.3758, 'year': 2.2191}}",[],,-1,1191,-1
,crypto,0,86,1708819966303,0,,"{'name': 'Bitcoin', 'symbol': '₿', 'rank': 1, 'age': 3952, 'color': '#fa9e32', 'png32': 'https://lcw.nyc3.cdn.digitaloceanspaces.com/production/currencies/32/btc.png', 'png64': 'https://lcw.nyc3.cdn.digitaloceanspaces.com/production/currencies/64/btc.png', 'webp32': 'https://lcw.nyc3.cdn.digitaloceanspaces.com/production/currencies/32/btc.webp', 'webp64': 'https://lcw.nyc3.cdn.digitaloceanspaces.com/production/currencies/64/btc.webp', 'exchanges': 176, 'markets': 3085, 'pairs': 952, 'categories': [], 'allTimeHighUSD': 68780.77475755227, 'circulatingSupply': 19636681, 'totalSupply': 19636681, 'maxSupply': 21000000, 'links': {'website': 'https://bitcoin.org/', 'whitepaper': 'https://bitcoin.org/bitcoin.pdf', 'twitter': None, 'reddit': 'https://reddit.com/r/bitcoin', 'telegram': None, 'discord': None, 'medium': None, 'instagram': None, 'tiktok': None, 'youtube': None, 'linkedin': None, 'twitch': None, 'spotify': None, 'naver': None, 'wechat': None, 'soundcloud': None}, 'rate': 51666.30160584466, 'volume': 10130141242, 'cap': 1014554683084, 'liquidity': 942473875, 'delta': {'hour': 0.9999, 'day': 1.0171, 'week': 0.9975, 'month': 1.2906, 'quarter': 1.3759, 'year': 2.2192}}",[],,-1,1191,-1
,crypto,0,87,1708819982931,0,,"{'name': 'Bitcoin', 'symbol': '₿', 'rank': 1, 'age': 3952, 'color': '#fa9e32', 'png32': 'https://lcw.nyc3.cdn.digitaloceanspaces.com/production/currencies/32/btc.png', 'png64': 'https://lcw.nyc3.cdn.digitaloceanspaces.com/production/currencies/64/btc.png', 'webp32': 'https://lcw.nyc3.cdn.digitaloceanspaces.com/production/currencies/32/btc.webp', 'webp64': 'https://lcw.nyc3.cdn.digitaloceanspaces.com/production/currencies/64/btc.webp', 'exchanges': 176, 'markets': 3085, 'pairs': 952, 'categories': [], 'allTimeHighUSD': 68780.77475755227, 'circulatingSupply': 19636681, 'totalSupply': 19636681, 'maxSupply': 21000000, 'links': {'website': 'https://bitcoin.org/', 'whitepaper': 'https://bitcoin.org/bitcoin.pdf', 'twitter': None, 'reddit': 'https://reddit.com/r/bitcoin', 'telegram': None, 'discord': None, 'medium': None, 'instagram': None, 'tiktok': None, 'youtube': None, 'linkedin': None, 'twitch': None, 'spotify': None, 'naver': None, 'wechat': None, 'soundcloud': None}, 'rate': 51666.62362910907, 'volume': 10129211786, 'cap': 1014561006552, 'liquidity': 943427203, 'delta': {'hour': 0.9999, 'day': 1.0171, 'week': 0.9976, 'month': 1.2906, 'quarter': 1.3759, 'year': 2.2192}}",[],,-1,1191,-1
,crypto,0,88,1708820054426,0,,"{'name': 'Bitcoin', 'symbol': '₿', 'rank': 1, 'age': 3952, 'color': '#fa9e32', 'png32': 'https://lcw.nyc3.cdn.digitaloceanspaces.com/production/currencies/32/btc.png', 'png64': 'https://lcw.nyc3.cdn.digitaloceanspaces.com/production/currencies/64/btc.png', 'webp32': 'https://lcw.nyc3.cdn.digitaloceanspaces.com/production/currencies/32/btc.webp', 'webp64': 'https://lcw.nyc3.cdn.digitaloceanspaces.com/production/currencies/64/btc.webp', 'exchanges': 176, 'markets': 3085, 'pairs': 952, 'categories': [], 'allTimeHighUSD': 68780.77475755227, 'circulatingSupply': 19636681, 'totalSupply': 19636681, 'maxSupply': 21000000, 'links': {'website': 'https://bitcoin.org/', 'whitepaper': 'https://bitcoin.org/bitcoin.pdf', 'twitter': None, 'reddit': 'https://reddit.com/r/bitcoin', 'telegram': None, 'discord': None, 'medium': None, 'instagram': None, 'tiktok': None, 'youtube': None, 'linkedin': None, 'twitch': None, 'spotify': None, 'naver': None, 'wechat': None, 'soundcloud': None}, 'rate': 51663.31857177463, 'volume': 10165347751, 'cap': 1014496106195, 'liquidity': 941323490, 'delta': {'hour': 0.9999, 'day': 1.0171, 'week': 0.9975, 'month': 1.2905, 'quarter': 1.3758, 'year': 2.2191}}",[],,-1,1191,-1
,crypto,0,89,1708820069110,0,,"{'name': 'Bitcoin', 'symbol': '₿', 'rank': 1, 'age': 3952, 'color': '#fa9e32', 'png32': 'https://lcw.nyc3.cdn.digitaloceanspaces.com/production/currencies/32/btc.png', 'png64': 'https://lcw.nyc3.cdn.digitaloceanspaces.com/production/currencies/64/btc.png', 'webp32': 'https://lcw.nyc3.cdn.digitaloceanspaces.com/production/currencies/32/btc.webp', 'webp64': 'https://lcw.nyc3.cdn.digitaloceanspaces.com/production/currencies/64/btc.webp', 'exchanges': 176, 'markets': 3085, 'pairs': 952, 'categories': [], 'allTimeHighUSD': 68780.77475755227, 'circulatingSupply': 19636681, 'totalSupply': 19636681, 'maxSupply': 21000000, 'links': {'website': 'https://bitcoin.org/', 'whitepaper': 'https://bitcoin.org/bitcoin.pdf', 'twitter': None, 'reddit': 'https://reddit.com/r/bitcoin', 'telegram': None, 'discord': None, 'medium': None, 'instagram': None, 'tiktok': None, 'youtube': None, 'linkedin': None, 'twitch': None, 'spotify': None, 'naver': None, 'wechat': None, 'soundcloud': None}, 'rate': 51667.74585130906, 'volume': 10164963739, 'cap': 1014583043271, 'liquidity': 939767189, 'delta': {'hour': 1, 'day': 1.0172, 'week': 0.9976, 'month': 1.2906, 'quarter': 1.3759, 'year': 2.2192}}",[],,-1,1186,-1
,crypto,0,90,1708820095977,0,,"{'name': 'Bitcoin', 'symbol': '₿', 'rank': 1, 'age': 3952, 'color': '#fa9e32', 'png32': 'https://lcw.nyc3.cdn.digitaloceanspaces.com/production/currencies/32/btc.png', 'png64': 'https://lcw.nyc3.cdn.digitaloceanspaces.com/production/currencies/64/btc.png', 'webp32': 'https://lcw.nyc3.cdn.digitaloceanspaces.com/production/currencies/32/btc.webp', 'webp64': 'https://lcw.nyc3.cdn.digitaloceanspaces.com/production/currencies/64/btc.webp', 'exchanges': 176, 'markets': 3085, 'pairs': 952, 'categories': [], 'allTimeHighUSD': 68780.77475755227, 'circulatingSupply': 19636681, 'totalSupply': 19636681, 'maxSupply': 21000000, 'links': {'website': 'https://bitcoin.org/', 'whitepaper': 'https://bitcoin.org/bitcoin.pdf', 'twitter': None, 'reddit': 'https://reddit.com/r/bitcoin', 'telegram': None, 'discord': None, 'medium': None, 'instagram': None, 'tiktok': None, 'youtube': None, 'linkedin': None, 'twitch': None, 'spotify': None, 'naver': None, 'wechat': None, 'soundcloud': None}, 'rate': 51662.3411041865, 'volume': 10120186157, 'cap': 1014476911976, 'liquidity': 939901905, 'delta': {'hour': 0.9998, 'day': 1.0171, 'week': 0.9975, 'month': 1.2905, 'quarter': 1.3758, 'year': 2.219}}",[],,-1,1189,-1
,crypto,0,92,1708820253516,0,,"{'name': 'Bitcoin', 'symbol': '₿', 'rank': 1, 'age': 3952, 'color': '#fa9e32', 'png32': 'https://lcw.nyc3.cdn.digitaloceanspaces.com/production/currencies/32/btc.png', 'png64': 'https://lcw.nyc3.cdn.digitaloceanspaces.com/production/currencies/64/btc.png', 'webp32': 'https://lcw.nyc3.cdn.digitaloceanspaces.com/production/currencies/32/btc.webp', 'webp64': 'https://lcw.nyc3.cdn.digitaloceanspaces.com/production/currencies/64/btc.webp', 'exchanges': 176, 'markets': 3085, 'pairs': 952, 'categories': [], 'allTimeHighUSD': 68780.77475755227, 'circulatingSupply': 19636681, 'totalSupply': 19636681, 'maxSupply': 21000000, 'links': {'website': 'https://bitcoin.org/', 'whitepaper': 'https://bitcoin.org/bitcoin.pdf', 'twitter': None, 'reddit': 'https://reddit.com/r/bitcoin', 'telegram': None, 'discord': None, 'medium': None, 'instagram': None, 'tiktok': None, 'youtube': None, 'linkedin': None, 'twitch': None, 'spotify': None, 'naver': None, 'wechat': None, 'soundcloud': None}, 'rate': 51656.04599269797, 'volume': 10110368333, 'cap': 1014353296880, 'liquidity': 942640916, 'delta': {'hour': 0.9984, 'day': 1.0173, 'week': 0.9969, 'month': 1.2909, 'quarter': 1.3773, 'year': 2.2201}}",[],,-1,1191,-1
,crypto,0,93,1708820286043,0,,"{'name': 'Bitcoin', 'symbol': '₿', 'rank': 1, 'age': 3952, 'color': '#fa9e32', 'png32': 'https://lcw.nyc3.cdn.digitaloceanspaces.com/production/currencies/32/btc.png', 'png64': 'https://lcw.nyc3.cdn.digitaloceanspaces.com/production/currencies/64/btc.png', 'webp32': 'https://lcw.nyc3.cdn.digitaloceanspaces.com/production/currencies/32/btc.webp', 'webp64': 'https://lcw.nyc3.cdn.digitaloceanspaces.com/production/currencies/64/btc.webp', 'exchanges': 176, 'markets': 3085, 'pairs': 952, 'categories': [], 'allTimeHighUSD': 68780.77475755227, 'circulatingSupply': 19636843, 'totalSupply': 19636843, 'maxSupply': 21000000, 'links': {'website': 'https://bitcoin.org/', 'whitepaper': 'https://bitcoin.org/bitcoin.pdf', 'twitter': None, 'reddit': 'https://reddit.com/r/bitcoin', 'telegram': None, 'discord': None, 'medium': None, 'instagram': None, 'tiktok': None, 'youtube': None, 'linkedin': None, 'twitch': None, 'spotify': None, 'naver': None, 'wechat': None, 'soundcloud': None}, 'rate': 51654.232810106565, 'volume': 10105565562, 'cap': 1014326059978, 'liquidity': 935000859, 'delta': {'hour': 0.9984, 'day': 1.0173, 'week': 0.9969, 'month': 1.2908, 'quarter': 1.3772, 'year': 2.22}}",[],,-1,1190,-1
,crypto,0,94,1708820338025,0,,"{'error': {'code': 502, 'status': 'Bad Gateway', 'description': 'Server, while acting as a gateway or proxy, received an invalid response from an inbound server it accessed while attempting to fulfill the request.'}}",[],,-1,216,-1
,crypto,0,95,1708899616275,0,,"{'name': 'Bitcoin', 'symbol': '₿', 'rank': 1, 'age': 3952, 'color': '#fa9e32', 'png32': 'https://lcw.nyc3.cdn.digitaloceanspaces.com/production/currencies/32/btc.png', 'png64': 'https://lcw.nyc3.cdn.digitaloceanspaces.com/production/currencies/64/btc.png', 'webp32': 'https://lcw.nyc3.cdn.digitaloceanspaces.com/production/currencies/32/btc.webp', 'webp64': 'https://lcw.nyc3.cdn.digitaloceanspaces.com/production/currencies/64/btc.webp', 'exchanges': 177, 'markets': 3050, 'pairs': 941, 'categories': [], 'allTimeHighUSD': 68780.77475755227, 'circulatingSupply': 19637731, 'totalSupply': 19637731, 'maxSupply': 21000000, 'links': {'website': 'https://bitcoin.org/', 'whitepaper': 'https://bitcoin.org/bitcoin.pdf', 'twitter': None, 'reddit': 'https://reddit.com/r/bitcoin', 'telegram': None, 'discord': None, 'medium': None, 'instagram': None, 'tiktok': None, 'youtube': None, 'linkedin': None, 'twitch': None, 'spotify': None, 'naver': None, 'wechat': None, 'soundcloud': None}, 'rate': 51865.45097794174, 'volume': 11375531506, 'cap': 1018519774499, 'liquidity': 917478887, 'delta': {'hour': 1.0007, 'day': 1.0027, 'week': 0.9908, 'month': 1.2377, 'quarter': 1.3997, 'year': 2.2435}}",[],,-1,1191,-1
,crypto,0,96,1708899652100,0,,"{'name': 'Bitcoin', 'symbol': '₿', 'rank': 1, 'age': 3952, 'color': '#fa9e32', 'png32': 'https://lcw.nyc3.cdn.digitaloceanspaces.com/production/currencies/32/btc.png', 'png64': 'https://lcw.nyc3.cdn.digitaloceanspaces.com/production/currencies/64/btc.png', 'webp32': 'https://lcw.nyc3.cdn.digitaloceanspaces.com/production/currencies/32/btc.webp', 'webp64': 'https://lcw.nyc3.cdn.digitaloceanspaces.com/production/currencies/64/btc.webp', 'exchanges': 177, 'markets': 3050, 'pairs': 941, 'categories': [], 'allTimeHighUSD': 68780.77475755227, 'circulatingSupply': 19637731, 'totalSupply': 19637731, 'maxSupply': 21000000, 'links': {'website': 'https://bitcoin.org/', 'whitepaper': 'https://bitcoin.org/bitcoin.pdf', 'twitter': None, 'reddit': 'https://reddit.com/r/bitcoin', 'telegram': None, 'discord': None, 'medium': None, 'instagram': None, 'tiktok': None, 'youtube': None, 'linkedin': None, 'twitch': None, 'spotify': None, 'naver': None, 'wechat': None, 'soundcloud': None}, 'rate': 51869.60098729594, 'volume': 11380688635, 'cap': 1018601271266, 'liquidity': 922704378, 'delta': {'hour': 1.0008, 'day': 1.0028, 'week': 0.9909, 'month': 1.2378, 'quarter': 1.3998, 'year': 2.2437}}",[],,-1,1191,-1
,crypto,0,97,1708899674475,0,,"{'name': 'Bitcoin', 'symbol': '₿', 'rank': 1, 'age': 3952, 'color': '#fa9e32', 'png32': 'https://lcw.nyc3.cdn.digitaloceanspaces.com/production/currencies/32/btc.png', 'png64': 'https://lcw.nyc3.cdn.digitaloceanspaces.com/production/currencies/64/btc.png', 'webp32': 'https://lcw.nyc3.cdn.digitaloceanspaces.com/production/currencies/32/btc.webp', 'webp64': 'https://lcw.nyc3.cdn.digitaloceanspaces.com/production/currencies/64/btc.webp', 'exchanges': 177, 'markets': 3050, 'pairs': 941, 'categories': [], 'allTimeHighUSD': 68780.77475755227, 'circulatingSupply': 19637731, 'totalSupply': 19637731, 'maxSupply': 21000000, 'links': {'website': 'https://bitcoin.org/', 'whitepaper': 'https://bitcoin.org/bitcoin.pdf', 'twitter': None, 'reddit': 'https://reddit.com/r/bitcoin', 'telegram': None, 'discord': None, 'medium': None, 'instagram': None, 'tiktok': None, 'youtube': None, 'linkedin': None, 'twitch': None, 'spotify': None, 'naver': None, 'wechat': None, 'soundcloud': None}, 'rate': 51881.267172849395, 'volume': 11382047457, 'cap': 1018830368680, 'liquidity': 925454825, 'delta': {'hour': 1.0013, 'day': 1.0027, 'week': 0.9904, 'month': 1.237, 'quarter': 1.4005, 'year': 2.2433}}",[],,-1,1191,-1
,crypto,0,99,1709432473603,0,,"{'name': 'Bitcoin', 'symbol': '₿', 'rank': 1, 'age': 3959, 'color': '#fa9e32', 'png32': 'https://lcw.nyc3.cdn.digitaloceanspaces.com/production/currencies/32/btc.png', 'png64': 'https://lcw.nyc3.cdn.digitaloceanspaces.com/production/currencies/64/btc.png', 'webp32': 'https://lcw.nyc3.cdn.digitaloceanspaces.com/production/currencies/32/btc.webp', 'webp64': 'https://lcw.nyc3.cdn.digitaloceanspaces.com/production/currencies/64/btc.webp', 'exchanges': 179, 'markets': 3094, 'pairs': 972, 'categories': [], 'allTimeHighUSD': 68780.77475755227, 'circulatingSupply': 19643143, 'totalSupply': 19643143, 'maxSupply': 21000000, 'links': {'website': 'https://bitcoin.org/', 'whitepaper': 'https://bitcoin.org/bitcoin.pdf', 'twitter': None, 'reddit': 'https://reddit.com/r/bitcoin', 'telegram': None, 'discord': None, 'medium': None, 'instagram': None, 'tiktok': None, 'youtube': None, 'linkedin': None, 'twitch': None, 'spotify': None, 'naver': None, 'wechat': None, 'soundcloud': None}, 'rate': 61809.36519120494, 'volume': 18133911339, 'cap': 1214130199190, 'liquidity': 1140387208, 'delta': {'hour': 0.9985, 'day': 0.9956, 'week': 1.193, 'month': 1.4294, 'quarter': 1.5228, 'year': 2.7595}}",[],,-1,1191,-1
,crypto,0,100,1709432511096,0,,"{'name': 'Bitcoin', 'symbol': '₿', 'rank': 1, 'age': 3959, 'color': '#fa9e32', 'png32': 'https://lcw.nyc3.cdn.digitaloceanspaces.com/production/currencies/32/btc.png', 'png64': 'https://lcw.nyc3.cdn.digitaloceanspaces.com/production/currencies/64/btc.png', 'webp32': 'https://lcw.nyc3.cdn.digitaloceanspaces.com/production/currencies/32/btc.webp', 'webp64': 'https://lcw.nyc3.cdn.digitaloceanspaces.com/production/currencies/64/btc.webp', 'exchanges': 179, 'markets': 3094, 'pairs': 972, 'categories': [], 'allTimeHighUSD': 68780.77475755227, 'circulatingSupply': 19643143, 'totalSupply': 19643143, 'maxSupply': 21000000, 'links': {'website': 'https://bitcoin.org/', 'whitepaper': 'https://bitcoin.org/bitcoin.pdf', 'twitter': None, 'reddit': 'https://reddit.com/r/bitcoin', 'telegram': None, 'discord': None, 'medium': None, 'instagram': None, 'tiktok': None, 'youtube': None, 'linkedin': None, 'twitch': None, 'spotify': None, 'naver': None, 'wechat': None, 'soundcloud': None}, 'rate': 61806.65874464982, 'volume': 18128300203, 'cap': 1214077036073, 'liquidity': 1144358706, 'delta': {'hour': 0.9984, 'day': 0.9956, 'week': 1.1929, 'month': 1.4294, 'quarter': 1.5228, 'year': 2.7594}}",[],,-1,1192,-1
,crypto,0,101,1709432936531,0,,"{'name': 'Bitcoin', 'symbol': '₿', 'rank': 1, 'age': 3959, 'color': '#fa9e32', 'png32': 'https://lcw.nyc3.cdn.digitaloceanspaces.com/production/currencies/32/btc.png', 'png64': 'https://lcw.nyc3.cdn.digitaloceanspaces.com/production/currencies/64/btc.png', 'webp32': 'https://lcw.nyc3.cdn.digitaloceanspaces.com/production/currencies/32/btc.webp', 'webp64': 'https://lcw.nyc3.cdn.digitaloceanspaces.com/production/currencies/64/btc.webp', 'exchanges': 179, 'markets': 3097, 'pairs': 972, 'categories': [], 'allTimeHighUSD': 68780.77475755227, 'circulatingSupply': 19643143, 'totalSupply': 19643143, 'maxSupply': 21000000, 'links': {'website': 'https://bitcoin.org/', 'whitepaper': 'https://bitcoin.org/bitcoin.pdf', 'twitter': None, 'reddit': 'https://reddit.com/r/bitcoin', 'telegram': None, 'discord': None, 'medium': None, 'instagram': None, 'tiktok': None, 'youtube': None, 'linkedin': None, 'twitch': None, 'spotify': None, 'naver': None, 'wechat': None, 'soundcloud': None}, 'rate': 61811.12753358765, 'volume': 18087553280, 'cap': 1214164817133, 'liquidity': 1132653419, 'delta': {'hour': 0.9985, 'day': 0.9955, 'week': 1.1914, 'month': 1.4309, 'quarter': 1.5249, 'year': 2.7591}}",[],,-1,1192,-1
,crypto,0,104,1709433142925,0,,"{'name': 'Bitcoin', 'symbol': '₿', 'rank': 1, 'age': 3959, 'color': '#fa9e32', 'png32': 'https://lcw.nyc3.cdn.digitaloceanspaces.com/production/currencies/32/btc.png', 'png64': 'https://lcw.nyc3.cdn.digitaloceanspaces.com/production/currencies/64/btc.png', 'webp32': 'https://lcw.nyc3.cdn.digitaloceanspaces.com/production/currencies/32/btc.webp', 'webp64': 'https://lcw.nyc3.cdn.digitaloceanspaces.com/production/currencies/64/btc.webp', 'exchanges': 179, 'markets': 3098, 'pairs': 972, 'categories': [], 'allTimeHighUSD': 68780.77475755227, 'circulatingSupply': 19643143, 'totalSupply': 19643143, 'maxSupply': 21000000, 'links': {'website': 'https://bitcoin.org/', 'whitepaper': 'https://bitcoin.org/bitcoin.pdf', 'twitter': None, 'reddit': 'https://reddit.com/r/bitcoin', 'telegram': None, 'discord': None, 'medium': None, 'instagram': None, 'tiktok': None, 'youtube': None, 'linkedin': None, 'twitch': None, 'spotify': None, 'naver': None, 'wechat': None, 'soundcloud': None}, 'rate': 61776.51199590486, 'volume': 18077300526, 'cap': 1213484859176, 'liquidity': 1132777089, 'delta': {'hour': 0.9985, 'day': 0.9946, 'week': 1.1904, 'month': 1.4324, 'quarter': 1.5211, 'year': 2.7579}}",[],,-1,1192,-1
,crypto,0,105,1709436343987,0,,"{'name': 'Bitcoin', 'symbol': '₿', 'rank': 1, 'age': 3959, 'color': '#fa9e32', 'png32': 'https://lcw.nyc3.cdn.digitaloceanspaces.com/production/currencies/32/btc.png', 'png64': 'https://lcw.nyc3.cdn.digitaloceanspaces.com/production/currencies/64/btc.png', 'webp32': 'https://lcw.nyc3.cdn.digitaloceanspaces.com/production/currencies/32/btc.webp', 'webp64': 'https://lcw.nyc3.cdn.digitaloceanspaces.com/production/currencies/64/btc.webp', 'exchanges': 179, 'markets': 3104, 'pairs': 971, 'categories': [], 'allTimeHighUSD': 68780.77475755227, 'circulatingSupply': 19643143, 'totalSupply': 19643143, 'maxSupply': 21000000, 'links': {'website': 'https://bitcoin.org/', 'whitepaper': 'https://bitcoin.org/bitcoin.pdf', 'twitter': None, 'reddit': 'https://reddit.com/r/bitcoin', 'telegram': None, 'discord': None, 'medium': None, 'instagram': None, 'tiktok': None, 'youtube': None, 'linkedin': None, 'twitch': None, 'spotify': None, 'naver': None, 'wechat': None, 'soundcloud': None}, 'rate': 62007.34604322627, 'volume': 17854466675, 'cap': 1218019165377, 'liquidity': 1145850661, 'delta': {'hour': 1.0035, 'day': 0.9977, 'week': 1.2012, 'month': 1.4376, 'quarter': 1.5182, 'year': 2.7691}}",[],,-1,1192,-1
,crypto,0,106,1709436458318,0,,"{'name': 'Bitcoin', 'symbol': '₿', 'rank': 1, 'age': 3959, 'color': '#fa9e32', 'png32': 'https://lcw.nyc3.cdn.digitaloceanspaces.com/production/currencies/32/btc.png', 'png64': 'https://lcw.nyc3.cdn.digitaloceanspaces.com/production/currencies/64/btc.png', 'webp32': 'https://lcw.nyc3.cdn.digitaloceanspaces.com/production/currencies/32/btc.webp', 'webp64': 'https://lcw.nyc3.cdn.digitaloceanspaces.com/production/currencies/64/btc.webp', 'exchanges': 179, 'markets': 3104, 'pairs': 971, 'categories': [], 'allTimeHighUSD': 68780.77475755227, 'circulatingSupply': 19643143, 'totalSupply': 19643143, 'maxSupply': 21000000, 'links': {'website': 'https://bitcoin.org/', 'whitepaper': 'https://bitcoin.org/bitcoin.pdf', 'twitter': None, 'reddit': 'https://reddit.com/r/bitcoin', 'telegram': None, 'discord': None, 'medium': None, 'instagram': None, 'tiktok': None, 'youtube': None, 'linkedin': None, 'twitch': None, 'spotify': None, 'naver': None, 'wechat': None, 'soundcloud': None}, 'rate': 61992.329684914024, 'volume': 17842565654, 'cap': 1217724196903, 'liquidity': 1135128987, 'delta': {'hour': 1.0033, 'day': 0.9974, 'week': 1.2009, 'month': 1.4372, 'quarter': 1.5178, 'year': 2.7685}}",[],,-1,1193,-1
,crypto,0,107,1709436545752,0,,"{'name': 'Bitcoin', 'symbol': '₿', 'rank': 1, 'age': 3959, 'color': '#fa9e32', 'png32': 'https://lcw.nyc3.cdn.digitaloceanspaces.com/production/currencies/32/btc.png', 'png64': 'https://lcw.nyc3.cdn.digitaloceanspaces.com/production/currencies/64/btc.png', 'webp32': 'https://lcw.nyc3.cdn.digitaloceanspaces.com/production/currencies/32/btc.webp', 'webp64': 'https://lcw.nyc3.cdn.digitaloceanspaces.com/production/currencies/64/btc.webp', 'exchanges': 179, 'markets': 3104, 'pairs': 971, 'categories': [], 'allTimeHighUSD': 68780.77475755227, 'circulatingSupply': 19643143, 'totalSupply': 19643143, 'maxSupply': 21000000, 'links': {'website': 'https://bitcoin.org/', 'whitepaper': 'https://bitcoin.org/bitcoin.pdf', 'twitter': None, 'reddit': 'https://reddit.com/r/bitcoin', 'telegram': None, 'discord': None, 'medium': None, 'instagram': None, 'tiktok': None, 'youtube': None, 'linkedin': None, 'twitch': None, 'spotify': None, 'naver': None, 'wechat': None, 'soundcloud': None}, 'rate': 62006.334086484625, 'volume': 17857384408, 'cap': 1217999287366, 'liquidity': 1127236833, 'delta': {'hour': 1.0035, 'day': 0.9977, 'week': 1.2012, 'month': 1.4375, 'quarter': 1.5182, 'year': 2.7691}}",[],,-1,1193,-1
,crypto,0,108,1709437895076,0,,"{'name': 'Bitcoin', 'symbol': '₿', 'rank': 1, 'age': 3959, 'color': '#fa9e32', 'png32': 'https://lcw.nyc3.cdn.digitaloceanspaces.com/production/currencies/32/btc.png', 'png64': 'https://lcw.nyc3.cdn.digitaloceanspaces.com/production/currencies/64/btc.png', 'webp32': 'https://lcw.nyc3.cdn.digitaloceanspaces.com/production/currencies/32/btc.webp', 'webp64': 'https://lcw.nyc3.cdn.digitaloceanspaces.com/production/currencies/64/btc.webp', 'exchanges': 179, 'markets': 3105, 'pairs': 971, 'categories': [], 'allTimeHighUSD': 68780.77475755227, 'circulatingSupply': 19643143, 'totalSupply': 19643143, 'maxSupply': 21000000, 'links': {'website': 'https://bitcoin.org/', 'whitepaper': 'https://bitcoin.org/bitcoin.pdf', 'twitter': None, 'reddit': 'https://reddit.com/r/bitcoin', 'telegram': None, 'discord': None, 'medium': None, 'instagram': None, 'tiktok': None, 'youtube': None, 'linkedin': None, 'twitch': None, 'spotify': None, 'naver': None, 'wechat': None, 'soundcloud': None}, 'rate': 62039.778409335406, 'volume': 17629497658, 'cap': 1218656238982, 'liquidity': 1161130985, 'delta': {'hour': 1.0031, 'day': 0.9953, 'week': 1.2002, 'month': 1.4389, 'quarter': 1.521, 'year': 2.7702}}",[],,-1,1192,-1
,crypto,0,109,1709437915958,0,,"{'name': 'Bitcoin', 'symbol': '₿', 'rank': 1, 'age': 3959, 'color': '#fa9e32', 'png32': 'https://lcw.nyc3.cdn.digitaloceanspaces.com/production/currencies/32/btc.png', 'png64': 'https://lcw.nyc3.cdn.digitaloceanspaces.com/production/currencies/64/btc.png', 'webp32': 'https://lcw.nyc3.cdn.digitaloceanspaces.com/production/currencies/32/btc.webp', 'webp64': 'https://lcw.nyc3.cdn.digitaloceanspaces.com/production/currencies/64/btc.webp', 'exchanges': 179, 'markets': 3105, 'pairs': 971, 'categories': [], 'allTimeHighUSD': 68780.77475755227, 'circulatingSupply': 19643143, 'totalSupply': 19643143, 'maxSupply': 21000000, 'links': {'website': 'https://bitcoin.org/', 'whitepaper': 'https://bitcoin.org/bitcoin.pdf', 'twitter': None, 'reddit': 'https://reddit.com/r/bitcoin', 'telegram': None, 'discord': None, 'medium': None, 'instagram': None, 'tiktok': None, 'youtube': None, 'linkedin': None, 'twitch': None, 'spotify': None, 'naver': None, 'wechat': None, 'soundcloud': None}, 'rate': 62047.130396501154, 'volume': 17626203270, 'cap': 1218800655118, 'liquidity': 1163005351, 'delta': {'hour': 1.0032, 'day': 0.9955, 'week': 1.2003, 'month': 1.4391, 'quarter': 1.5212, 'year': 2.7705}}",[],,-1,1193,-1
,crypto,0,110,1709438058433,0,,"{'name': 'Bitcoin', 'symbol': '₿', 'rank': 1, 'age': 3959, 'color': '#fa9e32', 'png32': 'https://lcw.nyc3.cdn.digitaloceanspaces.com/production/currencies/32/btc.png', 'png64': 'https://lcw.nyc3.cdn.digitaloceanspaces.com/production/currencies/64/btc.png', 'webp32': 'https://lcw.nyc3.cdn.digitaloceanspaces.com/production/currencies/32/btc.webp', 'webp64': 'https://lcw.nyc3.cdn.digitaloceanspaces.com/production/currencies/64/btc.webp', 'exchanges': 179, 'markets': 3105, 'pairs': 971, 'categories': [], 'allTimeHighUSD': 68780.77475755227, 'circulatingSupply': 19643143, 'totalSupply': 19643143, 'maxSupply': 21000000, 'links': {'website': 'https://bitcoin.org/', 'whitepaper': 'https://bitcoin.org/bitcoin.pdf', 'twitter': None, 'reddit': 'https://reddit.com/r/bitcoin', 'telegram': None, 'discord': None, 'medium': None, 'instagram': None, 'tiktok': None, 'youtube': None, 'linkedin': None, 'twitch': None, 'spotify': None, 'naver': None, 'wechat': None, 'soundcloud': None}, 'rate': 62039.30283917409, 'volume': 17626022139, 'cap': 1218646897290, 'liquidity': 1142759496, 'delta': {'hour': 1.003, 'day': 0.9953, 'week': 1.2002, 'month': 1.4389, 'quarter': 1.521, 'year': 2.7702}}",[],,-1,1190,-1
,crypto,0,111,1709438148611,0,,"{'name': 'Bitcoin', 'symbol': '₿', 'rank': 1, 'age': 3959, 'color': '#fa9e32', 'png32': 'https://lcw.nyc3.cdn.digitaloceanspaces.com/production/currencies/32/btc.png', 'png64': 'https://lcw.nyc3.cdn.digitaloceanspaces.com/production/currencies/64/btc.png', 'webp32': 'https://lcw.nyc3.cdn.digitaloceanspaces.com/production/currencies/32/btc.webp', 'webp64': 'https://lcw.nyc3.cdn.digitaloceanspaces.com/production/currencies/64/btc.webp', 'exchanges': 179, 'markets': 3105, 'pairs': 971, 'categories': [], 'allTimeHighUSD': 68780.77475755227, 'circulatingSupply': 19643143, 'totalSupply': 19643143, 'maxSupply': 21000000, 'links': {'website': 'https://bitcoin.org/', 'whitepaper': 'https://bitcoin.org/bitcoin.pdf', 'twitter': None, 'reddit': 'https://reddit.com/r/bitcoin', 'telegram': None, 'discord': None, 'medium': None, 'instagram': None, 'tiktok': None, 'youtube': None, 'linkedin': None, 'twitch': None, 'spotify': None, 'naver': None, 'wechat': None, 'soundcloud': None}, 'rate': 61998.48886764008, 'volume': 17611102416, 'cap': 1217845182610, 'liquidity': 1172896338, 'delta': {'hour': 1.0023, 'day': 0.9956, 'week': 1.199, 'month': 1.4379, 'quarter': 1.5203, 'year': 2.7684}}",[],,-1,1191,-1
,crypto,0,112,1709438218364,0,,"{'name': 'Bitcoin', 'symbol': '₿', 'rank': 1, 'age': 3959, 'color': '#fa9e32', 'png32': 'https://lcw.nyc3.cdn.digitaloceanspaces.com/production/currencies/32/btc.png', 'png64': 'https://lcw.nyc3.cdn.digitaloceanspaces.com/production/currencies/64/btc.png', 'webp32': 'https://lcw.nyc3.cdn.digitaloceanspaces.com/production/currencies/32/btc.webp', 'webp64': 'https://lcw.nyc3.cdn.digitaloceanspaces.com/production/currencies/64/btc.webp', 'exchanges': 179, 'markets': 3105, 'pairs': 971, 'categories': [], 'allTimeHighUSD': 68780.77475755227, 'circulatingSupply': 19643143, 'totalSupply': 19643143, 'maxSupply': 21000000, 'links': {'website': 'https://bitcoin.org/', 'whitepaper': 'https://bitcoin.org/bitcoin.pdf', 'twitter': None, 'reddit': 'https://reddit.com/r/bitcoin', 'telegram': None, 'discord': None, 'medium': None, 'instagram': None, 'tiktok': None, 'youtube': None, 'linkedin': None, 'twitch': None, 'spotify': None, 'naver': None, 'wechat': None, 'soundcloud': None}, 'rate': 61994.002934267366, 'volume': 17604166715, 'cap': 1217757064780, 'liquidity': 1164749773, 'delta': {'hour': 1.0023, 'day': 0.9955, 'week': 1.1989, 'month': 1.4378, 'quarter': 1.5202, 'year': 2.7682}}",[],,-1,1193,-1
,crypto,0,113,1709438316244,0,,"{'name': 'Bitcoin', 'symbol': '₿', 'rank': 1, 'age': 3959, 'color': '#fa9e32', 'png32': 'https://lcw.nyc3.cdn.digitaloceanspaces.com/production/currencies/32/btc.png', 'png64': 'https://lcw.nyc3.cdn.digitaloceanspaces.com/production/currencies/64/btc.png', 'webp32': 'https://lcw.nyc3.cdn.digitaloceanspaces.com/production/currencies/32/btc.webp', 'webp64': 'https://lcw.nyc3.cdn.digitaloceanspaces.com/production/currencies/64/btc.webp', 'exchanges': 179, 'markets': 3105, 'pairs': 971, 'categories': [], 'allTimeHighUSD': 68780.77475755227, 'circulatingSupply': 19643143, 'totalSupply': 19643143, 'maxSupply': 21000000, 'links': {'website': 'https://bitcoin.org/', 'whitepaper': 'https://bitcoin.org/bitcoin.pdf', 'twitter': None, 'reddit': 'https://reddit.com/r/bitcoin', 'telegram': None, 'discord': None, 'medium': None, 'instagram': None, 'tiktok': None, 'youtube': None, 'linkedin': None, 'twitch': None, 'spotify': None, 'naver': None, 'wechat': None, 'soundcloud': None}, 'rate': 61998.643835781586, 'volume': 17590253687, 'cap': 1217848226672, 'liquidity': 1156728758, 'delta': {'hour': 1.0023, 'day': 0.9956, 'week': 1.199, 'month': 1.4379, 'quarter': 1.5203, 'year': 2.7684}}",[],,-1,1192,-1
,crypto,0,114,1709438423239,0,,"{'name': 'Bitcoin', 'symbol': '₿', 'rank': 1, 'age': 3959, 'color': '#fa9e32', 'png32': 'https://lcw.nyc3.cdn.digitaloceanspaces.com/production/currencies/32/btc.png', 'png64': 'https://lcw.nyc3.cdn.digitaloceanspaces.com/production/currencies/64/btc.png', 'webp32': 'https://lcw.nyc3.cdn.digitaloceanspaces.com/production/currencies/32/btc.webp', 'webp64': 'https://lcw.nyc3.cdn.digitaloceanspaces.com/production/currencies/64/btc.webp', 'exchanges': 179, 'markets': 3104, 'pairs': 970, 'categories': [], 'allTimeHighUSD': 68780.77475755227, 'circulatingSupply': 19643143, 'totalSupply': 19643143, 'maxSupply': 21000000, 'links': {'website': 'https://bitcoin.org/', 'whitepaper': 'https://bitcoin.org/bitcoin.pdf', 'twitter': None, 'reddit': 'https://reddit.com/r/bitcoin', 'telegram': None, 'discord': None, 'medium': None, 'instagram': None, 'tiktok': None, 'youtube': None, 'linkedin': None, 'twitch': None, 'spotify': None, 'naver': None, 'wechat': None, 'soundcloud': None}, 'rate': 62000.620386880226, 'volume': 17586285803, 'cap': 1217887052348, 'liquidity': 1153323070, 'delta': {'hour': 1.0024, 'day': 0.9956, 'week': 1.199, 'month': 1.438, 'quarter': 1.5203, 'year': 2.7685}}",[],,-1,1191,-1
,crypto,0,115,1709438492125,0,,"{'name': 'Bitcoin', 'symbol': '₿', 'rank': 1, 'age': 3959, 'color': '#fa9e32', 'png32': 'https://lcw.nyc3.cdn.digitaloceanspaces.com/production/currencies/32/btc.png', 'png64': 'https://lcw.nyc3.cdn.digitaloceanspaces.com/production/currencies/64/btc.png', 'webp32': 'https://lcw.nyc3.cdn.digitaloceanspaces.com/production/currencies/32/btc.webp', 'webp64': 'https://lcw.nyc3.cdn.digitaloceanspaces.com/production/currencies/64/btc.webp', 'exchanges': 179, 'markets': 3104, 'pairs': 970, 'categories': [], 'allTimeHighUSD': 68780.77475755227, 'circulatingSupply': 19643143, 'totalSupply': 19643143, 'maxSupply': 21000000, 'links': {'website': 'https://bitcoin.org/', 'whitepaper': 'https://bitcoin.org/bitcoin.pdf', 'twitter': None, 'reddit': 'https://reddit.com/r/bitcoin', 'telegram': None, 'discord': None, 'medium': None, 'instagram': None, 'tiktok': None, 'youtube': None, 'linkedin': None, 'twitch': None, 'spotify': None, 'naver': None, 'wechat': None, 'soundcloud': None}, 'rate': 62002.201749318716, 'volume': 17531106199, 'cap': 1217918115276, 'liquidity': 1159485808, 'delta': {'hour': 1.002, 'day': 0.9946, 'week': 1.1988, 'month': 1.4383, 'quarter': 1.5207, 'year': 2.7678}}",[],,-1,1192,-1
,crypto,0,118,1709439215369,0,,"{'name': 'Bitcoin', 'symbol': '₿', 'rank': 1, 'age': 3959, 'color': '#fa9e32', 'png32': 'https://lcw.nyc3.cdn.digitaloceanspaces.com/production/currencies/32/btc.png', 'png64': 'https://lcw.nyc3.cdn.digitaloceanspaces.com/production/currencies/64/btc.png', 'webp32': 'https://lcw.nyc3.cdn.digitaloceanspaces.com/production/currencies/32/btc.webp', 'webp64': 'https://lcw.nyc3.cdn.digitaloceanspaces.com/production/currencies/64/btc.webp', 'exchanges': 179, 'markets': 3103, 'pairs': 969, 'categories': [], 'allTimeHighUSD': 68780.77475755227, 'circulatingSupply': 19643143, 'totalSupply': 19643143, 'maxSupply': 21000000, 'links': {'website': 'https://bitcoin.org/', 'whitepaper': 'https://bitcoin.org/bitcoin.pdf', 'twitter': None, 'reddit': 'https://reddit.com/r/bitcoin', 'telegram': None, 'discord': None, 'medium': None, 'instagram': None, 'tiktok': None, 'youtube': None, 'linkedin': None, 'twitch': None, 'spotify': None, 'naver': None, 'wechat': None, 'soundcloud': None}, 'rate': 62057.04819119622, 'volume': 17496527854, 'cap': 1218995471777, 'liquidity': 1119810592, 'delta': {'hour': 1.0023, 'day': 0.9968, 'week': 1.2003, 'month': 1.4409, 'quarter': 1.5216, 'year': 2.7699}}",[],,-1,1192,-1
,crypto,0,119,1709439939607,0,,"{'name': 'Bitcoin', 'symbol': '₿', 'rank': 1, 'age': 3959, 'color': '#fa9e32', 'png32': 'https://lcw.nyc3.cdn.digitaloceanspaces.com/production/currencies/32/btc.png', 'png64': 'https://lcw.nyc3.cdn.digitaloceanspaces.com/production/currencies/64/btc.png', 'webp32': 'https://lcw.nyc3.cdn.digitaloceanspaces.com/production/currencies/32/btc.webp', 'webp64': 'https://lcw.nyc3.cdn.digitaloceanspaces.com/production/currencies/64/btc.webp', 'exchanges': 179, 'markets': 3104, 'pairs': 970, 'categories': [], 'allTimeHighUSD': 68780.77475755227, 'circulatingSupply': 19643143, 'totalSupply': 19643143, 'maxSupply': 21000000, 'links': {'website': 'https://bitcoin.org/', 'whitepaper': 'https://bitcoin.org/bitcoin.pdf', 'twitter': None, 'reddit': 'https://reddit.com/r/bitcoin', 'telegram': None, 'discord': None, 'medium': None, 'instagram': None, 'tiktok': None, 'youtube': None, 'linkedin': None, 'twitch': None, 'spotify': None, 'naver': None, 'wechat': None, 'soundcloud': None}, 'rate': 62132.35467106742, 'volume': 17476929951, 'cap': 1220474727730, 'liquidity': 1148548026, 'delta': {'hour': 1.002, 'day': 0.9998, 'week': 1.2023, 'month': 1.4411, 'quarter': 1.5242, 'year': 2.7728}}",[],,-1,1191,-1
,crypto,0,120,1709440039067,0,,"{'name': 'Bitcoin', 'symbol': '₿', 'rank': 1, 'age': 3959, 'color': '#fa9e32', 'png32': 'https://lcw.nyc3.cdn.digitaloceanspaces.com/production/currencies/32/btc.png', 'png64': 'https://lcw.nyc3.cdn.digitaloceanspaces.com/production/currencies/64/btc.png', 'webp32': 'https://lcw.nyc3.cdn.digitaloceanspaces.com/production/currencies/32/btc.webp', 'webp64': 'https://lcw.nyc3.cdn.digitaloceanspaces.com/production/currencies/64/btc.webp', 'exchanges': 179, 'markets': 3104, 'pairs': 970, 'categories': [], 'allTimeHighUSD': 68780.77475755227, 'circulatingSupply': 19643143, 'totalSupply': 19643143, 'maxSupply': 21000000, 'links': {'website': 'https://bitcoin.org/', 'whitepaper': 'https://bitcoin.org/bitcoin.pdf', 'twitter': None, 'reddit': 'https://reddit.com/r/bitcoin', 'telegram': None, 'discord': None, 'medium': None, 'instagram': None, 'tiktok': None, 'youtube': None, 'linkedin': None, 'twitch': None, 'spotify': None, 'naver': None, 'wechat': None, 'soundcloud': None}, 'rate': 62141.44027726767, 'volume': 17469179717, 'cap': 1220653197592, 'liquidity': 1136858997, 'delta': {'hour': 1.0021, 'day': 1, 'week': 1.2024, 'month': 1.4413, 'quarter': 1.5244, 'year': 2.7732}}",[],,-1,1187,-1
,crypto,0,121,1709440284978,0,,"{'name': 'Bitcoin', 'symbol': '₿', 'rank': 1, 'age': 3959, 'color': '#fa9e32', 'png32': 'https://lcw.nyc3.cdn.digitaloceanspaces.com/production/currencies/32/btc.png', 'png64': 'https://lcw.nyc3.cdn.digitaloceanspaces.com/production/currencies/64/btc.png', 'webp32': 'https://lcw.nyc3.cdn.digitaloceanspaces.com/production/currencies/32/btc.webp', 'webp64': 'https://lcw.nyc3.cdn.digitaloceanspaces.com/production/currencies/64/btc.webp', 'exchanges': 179, 'markets': 3104, 'pairs': 970, 'categories': [], 'allTimeHighUSD': 68780.77475755227, 'circulatingSupply': 19643143, 'totalSupply': 19643143, 'maxSupply': 21000000, 'links': {'website': 'https://bitcoin.org/', 'whitepaper': 'https://bitcoin.org/bitcoin.pdf', 'twitter': None, 'reddit': 'https://reddit.com/r/bitcoin', 'telegram': None, 'discord': None, 'medium': None, 'instagram': None, 'tiktok': None, 'youtube': None, 'linkedin': None, 'twitch': None, 'spotify': None, 'naver': None, 'wechat': None, 'soundcloud': None}, 'rate': 62134.887595990636, 'volume': 17446557352, 'cap': 1220524482336, 'liquidity': 1132256552, 'delta': {'hour': 1.0017, 'day': 0.9994, 'week': 1.203, 'month': 1.4413, 'quarter': 1.5244, 'year': 2.7725}}",[],,-1,1192,-1
,crypto,0,122,1709440631368,0,,"{'name': 'Bitcoin', 'symbol': '₿', 'rank': 1, 'age': 3959, 'color': '#fa9e32', 'png32': 'https://lcw.nyc3.cdn.digitaloceanspaces.com/production/currencies/32/btc.png', 'png64': 'https://lcw.nyc3.cdn.digitaloceanspaces.com/production/currencies/64/btc.png', 'webp32': 'https://lcw.nyc3.cdn.digitaloceanspaces.com/production/currencies/32/btc.webp', 'webp64': 'https://lcw.nyc3.cdn.digitaloceanspaces.com/production/currencies/64/btc.webp', 'exchanges': 179, 'markets': 3105, 'pairs': 970, 'categories': [], 'allTimeHighUSD': 68780.77475755227, 'circulatingSupply': 19643143, 'totalSupply': 19643143, 'maxSupply': 21000000, 'links': {'website': 'https://bitcoin.org/', 'whitepaper': 'https://bitcoin.org/bitcoin.pdf', 'twitter': None, 'reddit': 'https://reddit.com/r/bitcoin', 'telegram': None, 'discord': None, 'medium': None, 'instagram': None, 'tiktok': None, 'youtube': None, 'linkedin': None, 'twitch': None, 'spotify': None, 'naver': None, 'wechat': None, 'soundcloud': None}, 'rate': 62104.84713886008, 'volume': 17425212402, 'cap': 1219934393341, 'liquidity': 1142095406, 'delta': {'hour': 1.0015, 'day': 0.9986, 'week': 1.2024, 'month': 1.4413, 'quarter': 1.5237, 'year': 2.773}}",[],,-1,1191,-1
,crypto,0,123,1709440694964,0,,"{'name': 'Bitcoin', 'symbol': '₿', 'rank': 1, 'age': 3959, 'color': '#fa9e32', 'png32': 'https://lcw.nyc3.cdn.digitaloceanspaces.com/production/currencies/32/btc.png', 'png64': 'https://lcw.nyc3.cdn.digitaloceanspaces.com/production/currencies/64/btc.png', 'webp32': 'https://lcw.nyc3.cdn.digitaloceanspaces.com/production/currencies/32/btc.webp', 'webp64': 'https://lcw.nyc3.cdn.digitaloceanspaces.com/production/currencies/64/btc.webp', 'exchanges': 179, 'markets': 3105, 'pairs': 970, 'categories': [], 'allTimeHighUSD': 68780.77475755227, 'circulatingSupply': 19643143, 'totalSupply': 19643143, 'maxSupply': 21000000, 'links': {'website': 'https://bitcoin.org/', 'whitepaper': 'https://bitcoin.org/bitcoin.pdf', 'twitter': None, 'reddit': 'https://reddit.com/r/bitcoin', 'telegram': None, 'discord': None, 'medium': None, 'instagram': None, 'tiktok': None, 'youtube': None, 'linkedin': None, 'twitch': None, 'spotify': None, 'naver': None, 'wechat': None, 'soundcloud': None}, 'rate': 62093.358841566594, 'volume': 17421046045, 'cap': 1219708727075, 'liquidity': 1141001114, 'delta': {'hour': 1.0013, 'day': 0.9984, 'week': 1.2022, 'month': 1.441, 'quarter': 1.5234, 'year': 2.7724}}",[],,-1,1192,-1
,crypto,0,142,1709443378532,0,,"{'name': 'Bitcoin', 'symbol': '₿', 'rank': 1, 'age': 3959, 'color': '#fa9e32', 'png32': 'https://lcw.nyc3.cdn.digitaloceanspaces.com/production/currencies/32/btc.png', 'png64': 'https://lcw.nyc3.cdn.digitaloceanspaces.com/production/currencies/64/btc.png', 'webp32': 'https://lcw.nyc3.cdn.digitaloceanspaces.com/production/currencies/32/btc.webp', 'webp64': 'https://lcw.nyc3.cdn.digitaloceanspaces.com/production/currencies/64/btc.webp', 'exchanges': 179, 'markets': 3104, 'pairs': 969, 'categories': [], 'allTimeHighUSD': 68780.77475755227, 'circulatingSupply': 19643250, 'totalSupply': 19643250, 'maxSupply': 21000000, 'links': {'website': 'https://bitcoin.org/', 'whitepaper': 'https://bitcoin.org/bitcoin.pdf', 'twitter': None, 'reddit': 'https://reddit.com/r/bitcoin', 'telegram': None, 'discord': None, 'medium': None, 'instagram': None, 'tiktok': None, 'youtube': None, 'linkedin': None, 'twitch': None, 'spotify': None, 'naver': None, 'wechat': None, 'soundcloud': None}, 'rate': 62003.81743842942, 'volume': 17034550774, 'cap': 1217956486897, 'liquidity': 1149197595, 'delta': {'hour': 0.9984, 'day': 1.0025, 'week': 1.1991, 'month': 1.4397, 'quarter': 1.5022, 'year': 2.7686}}",[],,-1,1192,-1
,crypto,0,143,1709443433284,0,,"{'name': 'Bitcoin', 'symbol': '₿', 'rank': 1, 'age': 3959, 'color': '#fa9e32', 'png32': 'https://lcw.nyc3.cdn.digitaloceanspaces.com/production/currencies/32/btc.png', 'png64': 'https://lcw.nyc3.cdn.digitaloceanspaces.com/production/currencies/64/btc.png', 'webp32': 'https://lcw.nyc3.cdn.digitaloceanspaces.com/production/currencies/32/btc.webp', 'webp64': 'https://lcw.nyc3.cdn.digitaloceanspaces.com/production/currencies/64/btc.webp', 'exchanges': 179, 'markets': 3104, 'pairs': 969, 'categories': [], 'allTimeHighUSD': 68780.77475755227, 'circulatingSupply': 19643250, 'totalSupply': 19643250, 'maxSupply': 21000000, 'links': {'website': 'https://bitcoin.org/', 'whitepaper': 'https://bitcoin.org/bitcoin.pdf', 'twitter': None, 'reddit': 'https://reddit.com/r/bitcoin', 'telegram': None, 'discord': None, 'medium': None, 'instagram': None, 'tiktok': None, 'youtube': None, 'linkedin': None, 'twitch': None, 'spotify': None, 'naver': None, 'wechat': None, 'soundcloud': None}, 'rate': 62001.128035435664, 'volume': 17027621004, 'cap': 1217903658282, 'liquidity': 1146021554, 'delta': {'hour': 0.9984, 'day': 1.0025, 'week': 1.199, 'month': 1.4397, 'quarter': 1.5022, 'year': 2.7685}}",[],,-1,1192,-1
,crypto,0,144,1709443480305,0,,"{'name': 'Bitcoin', 'symbol': '₿', 'rank': 1, 'age': 3959, 'color': '#fa9e32', 'png32': 'https://lcw.nyc3.cdn.digitaloceanspaces.com/production/currencies/32/btc.png', 'png64': 'https://lcw.nyc3.cdn.digitaloceanspaces.com/production/currencies/64/btc.png', 'webp32': 'https://lcw.nyc3.cdn.digitaloceanspaces.com/production/currencies/32/btc.webp', 'webp64': 'https://lcw.nyc3.cdn.digitaloceanspaces.com/production/currencies/64/btc.webp', 'exchanges': 179, 'markets': 3104, 'pairs': 969, 'categories': [], 'allTimeHighUSD': 68780.77475755227, 'circulatingSupply': 19643250, 'totalSupply': 19643250, 'maxSupply': 21000000, 'links': {'website': 'https://bitcoin.org/', 'whitepaper': 'https://bitcoin.org/bitcoin.pdf', 'twitter': None, 'reddit': 'https://reddit.com/r/bitcoin', 'telegram': None, 'discord': None, 'medium': None, 'instagram': None, 'tiktok': None, 'youtube': None, 'linkedin': None, 'twitch': None, 'spotify': None, 'naver': None, 'wechat': None, 'soundcloud': None}, 'rate': 61999.457439557234, 'volume': 17020104070, 'cap': 1217870842349, 'liquidity': 1150465732, 'delta': {'hour': 0.9984, 'day': 1.0024, 'week': 1.199, 'month': 1.4396, 'quarter': 1.5021, 'year': 2.7684}}",[],,-1,1192,-1
